{   
    "robots" : {
        "mavic2pro": {
            "language" : "python",
            "port" : "5001",
            "simpleactions": [
                {"name":"set_altitude", "numArgs": 1, "type":"move", "information":"Set altitude of drone in meters"},
                {"name":"go_forward", "numArgs": 1, "type":"move", "information":"Move robot forward for x amount of seconds"},
                {"name":"go_backward", "numArgs": 1, "type":"move", "information":"Move robot backward for x amount of seconds"},
                {"name":"turn_right", "numArgs": 1, "type":"move", "information":"Turn robot right for x amout of seconds"},
                {"name":"turn_left", "numArgs": 1, "type":"move", "information":"Turn robot left for x amount of seconds"},
                {"name":"recognise_objects", "numArgs": 0, "type":"set_property", "information":"Turn on object recognition (requires camera)"},
                {"name":"go_to_location", "numArgs": 1, "type":"move", "information":"Choose a location [x, y] for the robot to go to"},
                {"name":"set_message_target", "numArgs": 1, "type":"set_property", "information":"Set target of messages from this robot"},
                {"name":"send_location", "numArgs":0, "type":"notify", "information":"Send the location of this robot to the set target"},
                {"name":"stop_movement", "numArgs": 0, "type":"move", "information":"Stop all movement"}
            ]
        },
        "moose": {
            "language" : "python",
            "port" : "5002",
            "simpleactions": [
                {"name":"go_forward", "numArgs": 1, "type":"move", "information":"Move robot forward for x amount of seconds"},
                {"name":"go_backward", "numArgs": 1, "type":"move", "information":"Move robot backward for x amount of seconds"},
                {"name":"turn_right", "numArgs": 1, "type":"move", "information":"Turn robot right for x amout of seconds"},
                {"name":"turn_left", "numArgs": 1, "type":"move", "information":"Turn robot left for x amount of seconds"},
                {"name":"go_to_location", "numArgs": 1, "type":"move", "information":"Choose a location [x, y] for the robot to go to, if empty go to stored location"},
                {"name":"stop_movement", "numArgs": 0, "type":"move", "information":"Stop all movement"},
                {"name":"receive_location_from_robot", "numArgs":0 , "type":"wait", "information":"Wait for location from another robot"}
            ]
        },
        "mavic2pro2": {
            "language" : "python",
            "port" : "5003",
            "simpleactions": [
                {"name":"set_altitude", "numArgs": 1, "type":"move", "information":"Set altitude of drone in meters"},
                {"name":"go_forward", "numArgs": 1, "type":"move", "information":"Move robot forward for x amount of seconds"},
                {"name":"go_backward", "numArgs": 1, "type":"move", "information":"Move robot backward for x amount of seconds"},
                {"name":"turn_right", "numArgs": 1, "type":"move", "information":"Turn robot right for x amout of seconds"},
                {"name":"turn_left", "numArgs": 1, "type":"move", "information":"Turn robot left for x amount of seconds"},
                {"name":"recognise_objects", "numArgs": 0, "type":"set_property", "information":"Turn on object recognition (requires camera)"},
                {"name":"go_to_location", "numArgs": 1, "type":"move", "information":"Choose a location [x, y] for the robot to go to"},
                {"name":"set_message_target", "numArgs": 1, "type":"set_property", "information":"Set target of messages from this robot"},
                {"name":"send_location", "numArgs":0, "type":"notify", "information":"Send the location of this robot to the set target"},
                {"name":"stop_movement", "numArgs": 0, "type":"move", "information":"Stop all movement"}
            ]
        }
    },
    

     
    
    "missions": {
        "Quarantine delivery": { 
            "tasks": [
                {
                    "name":"Scout neighborhood", 
                    "id": 0,
                    "robot":"mavic2pro",
                    "simpleactions":[
                        {"name":"set_altitude", "args":"3", "id":0}, 
                        {"name":"recognise_objects", "args":"", "id":1}, 
                        {"name":"set_message_target", "args":"moose", "id":2}, 
                        {"name":"go_to_location", "args":"[402, -374]", "id":3},
                        {"name":"send_location", "args":"", "id":4},
                        {"name":"go_to_location", "args":"[377, -374]", "id":5},
                        {"name":"send_location", "args":"", "id":6},
                        {"name":"go_to_location", "args":"[347, -374]", "id":7},
                        {"name":"send_location", "args":"", "id":8},
                        {"name":"go_to_location", "args":"[330, -393]", "id":9},
                        {"name":"send_location", "args":"", "id":10},
                        {"name":"go_to_location", "args":"[330, -419]", "id":11},
                        {"name":"send_location", "args":"", "id":12}
                    ]
                },
                {
                    "name":"Receive and go to location", 
                    "id": 1,
                    "robot":"moose", 
                    "simpleactions":[
                        {"name":"receive_location_from_robot", "args":"", "id":0}, 
                        {"name":"go_to_location", "args":"[]", "id":1},
                        {"name":"receive_location_from_robot", "args":"", "id":2}, 
                        {"name":"go_to_location", "args":"[]", "id":3},
                        {"name":"receive_location_from_robot", "args":"", "id":4}, 
                        {"name":"go_to_location", "args":"[]", "id":5},
                        {"name":"receive_location_from_robot", "args":"", "id":6}, 
                        {"name":"go_to_location", "args":"[]", "id":7},
                        {"name":"receive_location_from_robot", "args":"", "id":8}, 
                        {"name":"go_to_location", "args":"[]", "id":9}
                    ]
                }
            ]
        },
        "Scout location and deliver item": { 
            "tasks": [
                {
                    "name":"Scout location", 
                    "id": 0,
                    "robot":"mavic2pro",
                    "simpleactions":[
                        {"name":"set_altitude", "args":"1", "id":0}, 
                        {"name":"recognise_objects", "args":"", "id":1}, 
                        {"name":"go_to_location", "args":"[388, -365]", "id":2},
                        {"name":"set_message_target", "args":"moose", "id":3}, 
                        {"name":"send_location", "args":"", "id":4}
                    ]
                },
                {
                    "name":"Receive and go to location", 
                    "id": 2,
                    "robot":"moose", 
                    "simpleactions":[
                        {"name":"receive_location_from_robot", "args":"", "id":0}, 
                        {"name":"go_to_location", "args":"[]", "id":1}
                    ]
                }
            ]
        },
        "Scout area and deliver item": {
            "tasks": [
                {
                    "name":"Scout area", 
                    "id": 0,
                    "robot":"mavic2pro",  
                    "simpleactions":[
                        {"name":"set_altitude", "args":"1", "id":0}, 
                        {"name":"recognise_objects", "args":"", "id":1}, 
                        {"name":"go_forward", "args":"30", "id":2},
                        {"name":"turn_left", "args":"3", "id":3},
                        {"name":"go_forward", "args":"30", "id":4},
                        {"name":"turn_left", "args":"3", "id":5},
                        {"name":"go_forward", "args":"30", "id":6},
                        {"name":"turn_left", "args":"3", "id":7},
                        {"name":"go_forward", "args":"30", "id":8},
                        {"name":"set_message_target", "args":"moose", "id":9}, 
                        {"name":"send_location", "args":"", "id":10}
                    ]
                },
                {
                    "name":"Receive and go to location", 
                    "id": 2, 
                    "robot":"moose", 
                    "simpleactions":[
                        {"name":"receive_location_from_robot", "args":"", "id":0}, 
                        {"name":"go_to_location", "args":"[]", "id":1}
                    ]
                }
            ]
        },
        "Testmission": {
            "tasks": [
                {
                    "name": "Test: forward turn",
                    "id": 0,
                    "robot":"--", 
                    "simpleactions":[
                        {"name":"go_forward", "args":"10", "id":0},
                        {"name":"turn_left", "args":"5", "id":0},
                        {"name":"turn_right", "args":"5", "id":0}
                    ]
                },
                {
                    "name": "Test: backward turn",
                    "id": 0,
                    "robot":"--", 
                    "simpleactions":[
                        {"name":"go_backward", "args":"10", "id":0},
                        {"name":"turn_left", "args":"5", "id":0},
                        {"name":"turn_right", "args":"5", "id":0}
                    ]
                }
            ]
        }
    },   

    "defaultCurrentMission":{
        "mavic2pro":{
            "language" : "python",
            "port" : "5001",
            "simpleactions":[
                {"name":"set_altitude", "args":"1", "id":0}, 
                {"name":"recognise_objects", "args":"", "id":1}, 
                {"name":"go_to_location", "args":"[388, -365]", "id":2},
                {"name":"set_message_target", "args":"moose", "id":3}, 
                {"name":"send_location", "args":"", "id":4}
            ]

        },
        "moose":{
            "language" : "python",
            "port" : "5002",
            "simpleactions":[
                {"name":"receive_location_from_robot", "args":"", "id":0}, 
                {"name":"go_to_location", "args":"[]", "id":1}
            ]
        }
    },
    "defaultSelectedRobot": "mavic2pro",                
    "defaultSelectedMission": "Quarantine delivery",   
    "defaultSelectedTask": "Scout neighborhood"         
}